label,removed_n,removed_sum_r,removed_wr,removed_pf,removed_tail_gt5,removed_tail_r,base_sum_r,keep_sum_r,delta_sum_r,base_wr,keep_wr,delta_wr,base_pf,keep_pf,delta_pf,base_mdd,keep_mdd,delta_mdd,improves_total_r,improves_pf,no_tail_loss,family
dist_inside_24h|high|q0.9,46,12.659999999999998,39.130434782608695,1.6455889852116259,1,6.12,1114.0300000000002,1101.37,-12.66000000000031,39.289940828402365,39.2991239048811,0.00918307647873462,4.181579323147222,4.332032431778303,0.15045310863108075,-14.680000000000518,-14.680000000000518,0.0,False,True,False,quantile
RETAIL_CHASE>=0.04,30,31.610000000000003,36.666666666666664,3.3731231231231233,3,29.299999999999997,1114.0300000000002,1082.42,-31.610000000000127,39.289940828402365,39.38650306748466,0.09656223908229578,4.181579323147222,4.213549861948163,0.03197053880094103,-14.680000000000518,-13.480000000000473,1.2000000000000455,False,True,False,oi
2fails_24h_near_1.5R,52,33.51999999999999,34.61538461538461,2.4721124286341674,4,32.35,1114.0300000000002,1080.51,-33.52000000000021,39.289940828402365,39.59646910466583,0.3065282762634638,4.181579323147222,4.300476510477121,0.11889718732989873,-14.680000000000518,-10.630000000000024,4.0500000000004945,False,True,False,series
dist_inside_24h|high|q0.8,109,40.289999999999985,34.862385321100916,1.8476751525352404,6,43.64,1114.0300000000002,1073.7400000000002,-40.289999999999964,39.289940828402365,39.94565217391305,0.6557113455106816,4.181579323147222,4.54814618994118,0.3665668667939581,-14.680000000000518,-13.680000000000518,1.0,False,True,False,quantile
trend_eff_24h|high|q0.9,70,51.52,40.0,2.8185668902223786,3,49.04,1114.0300000000002,1062.51,-51.52000000000021,39.289940828402365,39.225806451612904,-0.0641343767894611,4.181579323147222,4.301566092846934,0.11998676969971189,-14.680000000000518,-15.000000000000455,-0.31999999999993634,False,True,False,quantile
DEAD_OI<=0.15,13,65.49,38.46153846153847,8.695652173913041,1,70.0,1114.0300000000002,1048.54,-65.49000000000024,39.289940828402365,39.30288461538461,0.012943786982248184,4.181579323147222,4.069137103383679,-0.11244221976354307,-14.680000000000518,-15.000000000000455,-0.31999999999993634,False,False,False,oi
DEAD_OI<=0.2,35,68.3,37.142857142857146,4.783933518005539,2,76.12,1114.0300000000002,1045.73,-68.30000000000018,39.289940828402365,39.382716049382715,0.09277522098035007,4.181579323147222,4.148840710629328,-0.03273861251789434,-14.680000000000518,-15.000000000000455,-0.31999999999993634,False,False,False,oi
mom_1h|low|q0.1,86,116.18,37.2093023255814,4.046944662995017,10,122.61999999999999,1114.0300000000002,997.8500000000001,-116.18000000000006,39.289940828402365,39.52569169960474,0.23575087120237725,4.181579323147222,4.198032177424524,0.016452854277302364,-14.680000000000518,-14.139999999999986,0.540000000000532,False,True,False,quantile
RETAIL_CHASE>=0.03,65,118.26999999999998,40.0,5.188031161473088,6,114.82,1114.0300000000002,995.76,-118.27000000000021,39.289940828402365,39.23076923076923,-0.05917159763313151,4.181579323147222,4.093286943555653,-0.08829237959156888,-14.680000000000518,-10.800000000000068,3.88000000000045,False,False,False,oi
DEAD_OI<=0.25,77,123.12,35.064935064935064,4.296385542168674,5,135.97000000000003,1114.0300000000002,990.91,-123.12000000000023,39.289940828402365,39.71354166666667,0.4236008382643064,4.181579323147222,4.167870843989769,-0.013708479157452658,-14.680000000000518,-15.000000000000114,-0.3199999999995953,False,False,False,oi
RETAIL_CHASE>=0.025,80,126.72,41.25,4.868131868131868,7,124.35,1114.0300000000002,987.31,-126.72000000000025,39.289940828402365,39.08496732026144,-0.20497350814092385,4.181579323147222,4.110715523488453,-0.07086379965876866,-14.680000000000518,-9.520000000000095,5.160000000000423,False,False,False,oi
stop_atr low15 ∩ taker_imb low25,37,148.58,35.13513513513514,7.530989010989011,8,160.19,1114.0300000000002,965.45,-148.58000000000015,39.289940828402365,39.48019801980198,0.19025719139961694,4.181579323147222,3.948839340256567,-0.23273998289065512,-14.680000000000518,-15.540000000000077,-0.8599999999995589,False,False,False,intersection
pos_24h_dir|high|q0.9,72,154.1,38.88888888888889,5.673946011525628,10,159.89,1114.0300000000002,959.9300000000001,-154.10000000000014,39.289940828402365,39.32729624838293,0.03735541998056391,4.181579323147222,4.0264518569897225,-0.1551274661574995,-14.680000000000518,-11.779999999999973,2.9000000000005457,False,False,False,quantile
RETAIL_CHASE>=0.02,120,160.9,41.66666666666667,4.293082275890298,11,152.71,1114.0300000000002,953.1299999999999,-160.90000000000032,39.289940828402365,38.89655172413793,-0.3933891042644362,4.181579323147222,4.163496963058847,-0.018082360088374827,-14.680000000000518,-9.369999999999976,5.310000000000542,False,False,False,oi
RETAIL_CHASE>=0.015,155,180.65000000000003,44.516129032258064,3.9551774905938157,11,152.71,1114.0300000000002,933.3800000000001,-180.6500000000001,39.289940828402365,38.11594202898551,-1.1739987994168573,4.181579323147222,4.229465088921183,0.04788576577396064,-14.680000000000518,-8.970000000000027,5.710000000000491,False,True,False,oi
taker_imb_1h|low|q0.1,92,182.78000000000003,44.565217391304344,5.135294117647058,11,172.49999999999997,1114.0300000000002,931.25,-182.7800000000002,39.289940828402365,38.645418326693225,-0.6445225017091403,4.181579323147222,4.043798006210165,-0.13778131693705742,-14.680000000000518,-14.819999999999936,-0.13999999999941792,False,False,False,quantile
DEAD_OI<=0.3,114,189.89000000000001,38.59649122807017,4.621781422849513,10,192.88,1114.0300000000002,924.1400000000001,-189.8900000000001,39.289940828402365,39.398084815321475,0.10814398691911009,4.181579323147222,4.104057503694746,-0.0775218194524756,-14.680000000000518,-15.000000000000114,-0.3199999999995953,False,False,False,oi
DEAD_OI<=0.35,156,226.49,37.17948717948718,4.2402002861230335,13,232.37,1114.0300000000002,887.54,-226.49000000000024,39.289940828402365,39.7677793904209,0.47783856201853325,4.181579323147222,4.166958073148974,-0.014621249998247876,-14.680000000000518,-12.820000000000164,1.8600000000003547,False,False,False,oi
vol_comp_4h_72h|low|q0.1,101,230.85000000000005,44.554455445544555,6.084801762114537,9,224.23,1114.0300000000002,883.1800000000001,-230.85000000000014,39.289940828402365,38.575268817204304,-0.7146720111980613,4.181579323147222,3.898047579983593,-0.28353174316362884,-14.680000000000518,-14.680000000000064,4.547473508864641e-13,False,False,False,quantile
range_prev_day|low|q0.1,120,235.64,37.5,5.515906477577616,13,236.80999999999997,1114.0300000000002,878.3900000000001,-235.6400000000001,39.289940828402365,39.58620689655172,0.2962660681493574,4.181579323147222,3.9479142195523047,-0.23366510359491732,-14.680000000000518,-18.530000000000086,-3.849999999999568,False,False,False,quantile
stop_24h|low|q0.05,47,268.0299999999999,36.17021276595745,10.624057450628365,7,276.39000000000004,1114.0300000000002,846.0000000000001,-268.0300000000001,39.289940828402365,39.473684210526315,0.18374338212395003,4.181579323147222,3.6248836487744343,-0.5566956743727878,-14.680000000000518,-14.680000000000064,4.547473508864641e-13,False,False,False,quantile
range_72h|low|q0.1,115,282.8,41.73913043478261,6.434281322059954,16,278.33000000000004,1114.0300000000002,831.23,-282.8000000000002,39.289940828402365,38.9041095890411,-0.3858312393612664,4.181579323147222,3.78833316561001,-0.39324615753721215,-14.680000000000518,-17.920000000000073,-3.2399999999995543,False,False,False,quantile
weekend,98,284.26,44.89795918367347,8.090546270890496,11,268.37,1114.0300000000002,829.77,-284.2600000000002,39.289940828402365,38.55421686746988,-0.7357239609324822,4.181579323147222,3.6761594530090953,-0.5054198701381267,-14.680000000000518,-17.100000000000023,-2.4199999999995043,False,False,False,calendar
vol_comp_4h_72h|low|q0.2,190,306.33,40.526315789473685,4.588262855804146,17,303.09000000000003,1114.0300000000002,807.7,-306.33000000000015,39.289940828402365,38.93129770992366,-0.3586431184787031,4.181579323147222,4.050456983155828,-0.13112233999139367,-14.680000000000518,-16.00999999999999,-1.3299999999994725,False,False,False,quantile
mom_1h|low|q0.25,225,306.73,39.55555555555556,4.071600240336471,18,306.21000000000004,1114.0300000000002,807.3,-306.73000000000025,39.289940828402365,39.19354838709677,-0.09639244130559632,4.181579323147222,4.225458468176916,0.04387914502969359,-14.680000000000518,-11.499999999999986,3.1800000000005326,False,True,False,quantile
vol_vs_7d|low|q0.1,96,307.46000000000004,38.54166666666667,8.107258437355526,7,293.06,1114.0300000000002,806.57,-307.46000000000015,39.289940828402365,39.38584779706275,0.09590696866038684,4.181579323147222,3.628205545961094,-0.553373777186128,-14.680000000000518,-17.850000000000023,-3.1699999999995043,False,False,False,quantile
stop_pct|low|q0.05,61,308.03999999999996,29.508196721311474,9.609278926774733,7,316.56,1114.0300000000002,805.99,-308.0400000000002,39.289940828402365,40.05102040816326,0.7610795797608958,4.181579323147222,3.5638260648280684,-0.6177532583191536,-14.680000000000518,-17.850000000000023,-3.1699999999995043,False,False,False,quantile
stop_atr|low|q0.05,37,340.51,45.94594594594595,19.102604997341842,10,349.41999999999996,1114.0300000000002,773.52,-340.5100000000002,39.289940828402365,38.98514851485149,-0.30479231355087677,4.181579323147222,3.3345204321844633,-0.8470588909627588,-14.680000000000518,-14.470000000000027,0.21000000000049113,False,False,False,quantile
stop_24h|low|q0.1,94,343.51,38.297872340425535,7.323821796759942,15,357.06,1114.0300000000002,770.52,-343.5100000000002,39.289940828402365,39.41411451398136,0.12417368557899522,4.181579323147222,3.604603995537977,-0.5769753276092451,-14.680000000000518,-15.680000000000064,-0.9999999999995453,False,False,False,quantile
taker_imb_1h|low|q0.25,220,367.62,37.72727272727273,4.55463159930381,23,375.34000000000003,1114.0300000000002,746.4100000000001,-367.6200000000001,39.289940828402365,39.839999999999996,0.5500591715976313,4.181579323147222,4.025209743444251,-0.15636957970297072,-14.680000000000518,-12.769999999999982,1.9100000000005366,False,False,False,quantile
stop_atr|low|q0.1,84,403.9700000000001,46.42857142857143,11.04900497512438,17,410.11,1114.0300000000002,710.06,-403.97000000000025,39.289940828402365,38.501971090670175,-0.7879697377321904,4.181579323147222,3.2908856267139863,-0.8906936964332357,-14.680000000000518,-19.579999999999927,-4.899999999999409,False,False,False,quantile
range_72h|low|q0.2,215,492.52,40.93023255813954,6.264778193479423,23,474.15,1114.0300000000002,621.51,-492.5200000000002,39.289940828402365,38.730158730158735,-0.5597820982436303,4.181579323147222,3.4220966484801245,-0.7594826746670975,-14.680000000000518,-15.759999999999991,-1.0799999999994725,False,False,False,quantile
range_prev_day|low|q0.2,248,516.5200000000001,37.096774193548384,5.924866514111364,31,530.63,1114.0300000000002,597.51,-516.5200000000002,39.289940828402365,40.20100502512563,0.9110641967232667,4.181579323147222,3.4361316100623798,-0.7454477130848423,-14.680000000000518,-16.440000000000055,-1.7599999999995362,False,False,False,quantile
stop_pct|low|q0.1,126,563.7599999999999,34.92063492063492,8.993194385367929,23,591.9899999999999,1114.0300000000002,550.27,-563.7600000000002,39.289940828402365,40.055632823365784,0.7656919949634187,4.181579323147222,2.9679207495887274,-1.2136585735584946,-14.680000000000518,-17.68999999999994,-3.0099999999994225,False,False,False,quantile
