timeframe,checkpoint_bars,current_max,mfe_max,taker_against,actions,delta_r,baseline_r_acted,tail_actions,max_forgone_winner
15M,2,-0.5,0.25,False,4,-1.466656058302211,-0.99,0,0.39
15M,2,-0.5,0.25,True,1,-0.9338742987629794,0.39,0,0.39
15M,2,-0.5,0.5,False,5,-1.0770260250073735,-1.9,0,0.39
15M,2,-0.5,0.5,True,2,-0.5442442654681421,-0.52,0,0.39
15M,2,-0.5,1.0,False,5,-1.0770260250073735,-1.9,0,0.39
15M,2,-0.5,1.0,True,2,-0.5442442654681421,-0.52,0,0.39
15M,2,-0.25,0.25,False,33,-6.969395299141119,-5.399999999999999,1,8.59
15M,2,-0.25,0.25,True,25,1.2797652937929296,-10.360000000000001,0,1.7
15M,2,-0.25,0.5,False,38,-6.539973727968986,-7.730000000000001,1,8.59
15M,2,-0.25,0.5,True,29,2.029718265931243,-12.739999999999998,0,1.7
15M,2,-0.25,1.0,False,40,-6.272742617095382,-8.629999999999999,1,8.59
15M,2,-0.25,1.0,True,30,2.714899013266688,-13.679999999999998,0,1.7
15M,2,0.0,0.25,False,59,-4.567129116219332,-11.69,1,8.59
15M,2,0.0,0.25,True,44,4.875001626581971,-16.96,0,1.7
15M,2,0.0,0.5,False,75,-4.44598342497919,-15.060000000000004,1,8.59
15M,2,0.0,0.5,True,53,5.296416647353771,-19.639999999999997,0,1.7
15M,2,0.0,1.0,False,82,-10.197948008222928,-10.540000000000003,1,8.59
15M,2,0.0,1.0,True,56,0.9482956882448463,-15.850000000000001,0,4.25
15M,2,0.25,0.25,False,73,-6.6197780075934745,-8.88,1,8.59
15M,2,0.25,0.25,True,48,3.9903158827710685,-15.920000000000002,0,2.48
15M,2,0.25,0.5,False,103,-7.174070834008338,-9.680000000000001,2,8.59
15M,2,0.25,0.5,True,58,5.33470050292882,-19.339999999999996,0,2.48
15M,2,0.25,1.0,False,118,-12.442154542251675,-4.479999999999998,2,8.59
15M,2,0.25,1.0,True,62,1.2615190729117824,-15.8,0,4.25
15M,4,-0.5,0.25,False,5,-1.215643791398838,-1.97,0,0.62
15M,4,-0.5,0.25,True,3,-0.973595614365639,-1.01,0,0.62
15M,4,-0.5,0.5,False,5,-1.215643791398838,-1.97,0,0.62
15M,4,-0.5,0.5,True,3,-0.973595614365639,-1.01,0,0.62
15M,4,-0.5,1.0,False,6,-0.8605601314420277,-2.91,0,0.62
15M,4,-0.5,1.0,True,4,-0.6185119544088287,-1.95,0,0.62
15M,4,-0.25,0.25,False,20,-0.4437602108592594,-8.42,0,1.7
15M,4,-0.25,0.25,True,14,-1.6834454156090428,-4.61,0,1.7
15M,4,-0.25,0.5,False,24,-0.7724578809850624,-9.45,0,1.7
15M,4,-0.25,0.5,True,16,-1.2786056028764414,-5.7299999999999995,0,1.7
15M,4,-0.25,1.0,False,26,-0.7690843543447784,-10.37,0,1.7
15M,4,-0.25,1.0,True,18,-1.275232076236158,-6.65,0,1.7
15M,4,0.0,0.25,False,42,-1.1844728810446696,-10.430000000000003,1,8.59
15M,4,0.0,0.25,True,28,2.663317380222642,-10.950000000000001,0,1.7
15M,4,0.0,0.5,False,55,1.4065700274838981,-15.04,1,8.59
15M,4,0.0,0.5,True,31,3.1397854841901087,-12.17,0,1.7
15M,4,0.0,1.0,False,64,-1.7021991561983494,-13.490000000000002,1,8.59
15M,4,0.0,1.0,True,37,1.9883742772098922,-12.149999999999999,0,1.7
15M,4,0.25,0.25,False,50,1.0506752376672492,-11.82,1,8.59
15M,4,0.25,0.25,True,30,4.06137911620687,-12.290000000000001,0,1.7
15M,4,0.25,0.5,False,75,-3.0557234702113902,-8.540000000000001,2,8.59
15M,4,0.25,0.5,True,35,4.015441416355625,-12.800000000000002,0,1.7
15M,4,0.25,1.0,False,96,-5.637250643107922,-5.520000000000001,2,8.59
15M,4,0.25,1.0,True,46,0.6571367157250907,-9.780000000000001,0,4.25
15M,8,-0.5,0.25,False,6,-0.4294781938174388,-3.5500000000000003,0,0.62
15M,8,-0.5,0.25,True,4,-1.159440639199977,-1.67,0,0.62
15M,8,-0.5,0.5,False,7,-0.27633311541734507,-4.35,0,0.62
15M,8,-0.5,0.5,True,5,-1.0062955607998834,-2.47,0,0.62
15M,8,-0.5,1.0,False,7,-0.27633311541734507,-4.35,0,0.62
15M,8,-0.5,1.0,True,5,-1.0062955607998834,-2.47,0,0.62
15M,8,-0.25,0.25,False,13,0.06568332442701297,-6.720000000000001,0,0.62
15M,8,-0.25,0.25,True,10,-0.7098998949372833,-4.42,0,0.62
15M,8,-0.25,0.5,False,15,-0.8258891170586738,-6.7700000000000005,0,0.75
15M,8,-0.25,0.5,True,11,-0.5567548165371895,-5.22,0,0.62
15M,8,-0.25,1.0,False,19,-3.8766475007286667,-5.239999999999999,0,2.32
15M,8,-0.25,1.0,True,12,-0.8460699039533569,-5.430000000000001,0,0.62
15M,8,0.0,0.25,False,23,-9.037866828399537,1.1300000000000008,1,8.59
15M,8,0.0,0.25,True,16,-9.769686700337365,4.06,1,8.59
15M,8,0.0,0.5,False,34,-6.535049954664144,-3.369999999999999,1,8.59
15M,8,0.0,0.5,True,20,-8.520987477474108,1.7100000000000006,1,8.59
15M,8,0.0,1.0,False,42,-8.066206746869684,-3.7799999999999985,1,8.59
15M,8,0.0,1.0,True,23,-8.045149073229917,0.54,1,8.59
15M,8,0.25,0.25,False,25,-8.703869868947859,0.8900000000000016,1,8.59
15M,8,0.25,0.25,True,18,-9.435689740885687,3.8200000000000003,1,8.59
15M,8,0.25,0.5,False,42,-4.647693448956973,-4.3500000000000005,1,8.59
15M,8,0.25,0.5,True,25,-7.073873414081715,0.7199999999999995,1,8.59
15M,8,0.25,1.0,False,58,-11.280730876690953,1.5099999999999998,2,8.59
15M,8,0.25,1.0,True,29,-7.842628140714799,0.9999999999999991,1,8.59
1H,2,-0.5,0.25,False,4,-3.584254500625189,1.2199999999999998,0,4.12
1H,2,-0.5,0.25,True,3,-4.080122269220219,2.2199999999999998,0,4.12
1H,2,-0.5,0.5,False,7,-4.032810056180766,-0.37999999999999967,0,4.12
1H,2,-0.5,0.5,True,6,-4.528677824775796,0.6200000000000003,0,4.12
1H,2,-0.5,1.0,False,7,-4.032810056180766,-0.37999999999999967,0,4.12
1H,2,-0.5,1.0,True,6,-4.528677824775796,0.6200000000000003,0,4.12
1H,2,-0.25,0.25,False,22,-21.583544893329012,12.73,1,10.38
1H,2,-0.25,0.25,True,17,-9.58816926494245,2.6500000000000004,0,4.12
1H,2,-0.25,0.5,False,39,-26.22714080152687,10.52,1,10.38
1H,2,-0.25,0.5,True,30,-12.805780739730798,0.37000000000000066,0,4.12
1H,2,-0.25,1.0,False,40,-25.57705207038223,9.570000000000002,1,10.38
1H,2,-0.25,1.0,True,31,-12.155692008586156,-0.5799999999999993,0,4.12
1H,2,0.0,0.25,False,66,-26.618093560483874,15.510000000000002,2,10.38
1H,2,0.0,0.25,True,48,-13.841227807310762,4.96,1,7.24
1H,2,0.0,0.5,False,111,-26.82379292129354,6.880000000000004,2,10.38
1H,2,0.0,0.5,True,79,-15.291243888387429,-0.30999999999999994,1,7.24
1H,2,0.0,1.0,False,124,-29.178101790080643,8.369999999999997,3,10.38
1H,2,0.0,1.0,True,88,-21.16029984905258,5.02,2,7.24
1H,2,0.25,0.25,False,77,-28.688754000301603,18.770000000000003,2,10.38
1H,2,0.25,0.25,True,55,-12.769306295772267,4.620000000000001,1,7.24
1H,2,0.25,0.5,False,137,-34.81416610084945,17.91,3,10.38
1H,2,0.25,0.5,True,96,-20.271496566384947,6.750000000000003,2,7.24
1H,2,0.25,1.0,False,160,-32.890531746946465,16.380000000000003,4,10.38
1H,2,0.25,1.0,True,108,-26.89814657862808,13.349999999999996,3,7.24
1H,4,-0.5,0.25,False,2,-2.6044894155118405,1.4000000000000001,0,1.36
1H,4,-0.5,0.25,True,2,-2.6044894155118405,1.4000000000000001,0,1.36
1H,4,-0.5,0.5,False,5,-1.5581882918389,-1.44,0,1.36
1H,4,-0.5,0.5,True,5,-1.5581882918389,-1.44,0,1.36
1H,4,-0.5,1.0,False,6,-1.1417343911296736,-2.36,0,1.36
1H,4,-0.5,1.0,True,6,-1.1417343911296736,-2.36,0,1.36
1H,4,-0.25,0.25,False,12,-5.32047758231469,0.2200000000000002,0,3.26
1H,4,-0.25,0.25,True,10,-3.5360582825921107,-0.9800000000000002,0,3.26
1H,4,-0.25,0.5,False,24,-1.410697057129365,-8.55,0,3.26
1H,4,-0.25,0.5,True,20,1.4359912346826806,-10.049999999999999,0,3.26
1H,4,-0.25,1.0,False,32,1.244490338821504,-14.06,0,3.26
1H,4,-0.25,1.0,True,26,2.8667443443328393,-13.69,0,3.26
1H,4,0.0,0.25,False,29,-11.712403140177557,5.3100000000000005,0,3.26
1H,4,0.0,0.25,True,22,-9.299255248709539,3.8200000000000007,0,3.26
1H,4,0.0,0.5,False,59,-10.862249614765382,-3.23,1,7.07
1H,4,0.0,0.5,True,44,-9.118530539199778,-2.3199999999999994,1,7.07
1H,4,0.0,1.0,False,72,-8.861854517863687,-8.459999999999997,1,7.07
1H,4,0.0,1.0,True,53,-6.387000864778302,-7.4700000000000015,1,7.07
1H,4,0.25,0.25,False,31,-9.831648954411655,3.6400000000000006,0,3.26
1H,4,0.25,0.25,True,23,-8.193924791757198,2.9000000000000004,0,3.26
1H,4,0.25,0.5,False,79,-5.875189734871222,-5.609999999999999,1,7.07
1H,4,0.25,0.5,True,54,-6.839350414158057,-3.29,1,7.07
1H,4,0.25,1.0,False,112,-19.588820982737445,7.150000000000002,2,18.39
1H,4,0.25,1.0,True,74,-5.443327484477575,-6.14,1,7.07
1H,8,-0.5,0.25,False,5,-7.7142837266952355,4.590000000000001,0,3.26
1H,8,-0.5,0.25,True,4,-7.97880427464044,5.5600000000000005,0,3.26
1H,8,-0.5,0.5,False,12,-8.450759882621206,1.0700000000000003,0,3.26
1H,8,-0.5,0.5,True,11,-8.71528043056641,2.04,0,3.26
1H,8,-0.5,1.0,False,13,-11.566315438176757,3.57,0,3.26
1H,8,-0.5,1.0,True,12,-11.830835986121963,4.54,0,3.26
1H,8,-0.25,0.25,False,8,-7.026888403627781,2.91,0,3.26
1H,8,-0.25,0.25,True,7,-7.291408951572986,3.880000000000001,0,3.26
1H,8,-0.25,0.5,False,17,-14.86765051993721,5.839999999999999,1,7.07
1H,8,-0.25,0.5,True,16,-15.132171067882416,6.8100000000000005,1,7.07
1H,8,-0.25,1.0,False,21,-17.33546036502979,6.61,1,7.07
1H,8,-0.25,1.0,True,19,-18.1028885750575,8.55,1,7.07
1H,8,0.0,0.25,False,11,-7.3060134825810366,2.85,0,3.26
1H,8,0.0,0.25,True,9,-7.726345118821928,4.0600000000000005,0,3.26
1H,8,0.0,0.5,False,29,-15.730625257325249,5.320000000000001,1,7.07
1H,8,0.0,0.5,True,24,-17.182695043778505,7.730000000000001,1,7.07
1H,8,0.0,1.0,False,41,-17.461665368519512,4.449999999999999,1,7.07
1H,8,0.0,1.0,True,29,-18.346198294212314,7.580000000000001,1,7.07
1H,8,0.25,0.25,False,12,-6.557199298837084,2.1500000000000004,0,3.26
1H,8,0.25,0.25,True,9,-7.726345118821928,4.0600000000000005,0,3.26
1H,8,0.25,0.5,False,34,-16.152663416317537,6.130000000000001,1,7.07
1H,8,0.25,0.5,True,27,-17.289823662791022,8.1,1,7.07
1H,8,0.25,1.0,False,53,-39.219847036289714,27.519999999999996,2,18.39
1H,8,0.25,1.0,True,37,-22.374199584199285,12.739999999999997,1,7.07
