n,wins,losses,zeros,wr,sum_r,expectancy,median,avg_win,avg_loss,payoff,pf,max_dd,max_loss_streak,best,worst,tail_gt5,tail_r_gt5,label,med_cf_mfe,med_cf_mfe_noret,pct_cf_ge1,pct_cf_ge2,pct_wick,med_beyond_r,med_bars_to_stop
589,237,350,2,40.2376910016978,832.77,1.4138709677419354,-0.29,4.572405063291139,-0.7168285714285714,6.378659062345645,4.319263422216908,-10.759999999999991,9,96.52,-2.33,53,813.56,entry_style=limit_retest,1.806574923547409,1.0346534653465693,30.050933786078097,21.561969439728355,23.769100169779286,0.0,1.0
585,213,371,1,36.41025641025641,497.23,0.849965811965812,-0.28,3.398497652582159,-0.6109164420485176,5.562950051215446,3.1938230752261187,-10.740000000000123,11,82.8,-1.94,30,467.52000000000004,entry_style=market_like,1.085252980074207,0.5944963735980673,15.726495726495726,12.136752136752136,16.58119658119658,0.0,4.0
4,2,2,0,50.0,3.0599999999999996,0.7649999999999999,0.0,2.63,-1.1,2.3909090909090907,2.3909090909090907,-1.2000000000000002,1,4.26,-1.2,0,0.0,entry_style=unknown,2.0543996002606493,,50.0,25.0,25.0,0.0007598865615922046,2.0
709,257,449,3,36.24823695345557,542.51,0.7651763046544429,-0.27,3.1866536964980545,-0.6157238307349667,5.175459414481756,2.962345366418288,-16.269999999999982,11,82.8,-2.33,39,506.05,timeframe=15M,0.6840556845176669,0.8638441265521564,12.834978843441466,9.167842031029618,16.92524682651622,0.0,3.0
469,195,274,0,41.57782515991471,790.55,1.6856076759061833,-0.31,5.096564102564103,-0.741897810218978,6.8696308741763294,4.8889708776072425,-6.799999999999997,7,96.52,-1.25,44,775.0300000000001,timeframe=1H,2.2178051511758192,1.0011544544016824,38.37953091684435,28.57142857142857,25.15991471215352,0.030000000000018234,1.0
197,75,120,2,38.07106598984771,203.53000000000006,1.0331472081218278,-0.29,3.8763999999999994,-0.7266666666666666,5.334495412844037,3.3340596330275227,-9.439999999999998,7,70.0,-2.33,15,205.60000000000002,limit_retest|15M,0.8389793502371259,1.04762019848412,16.751269035532996,10.152284263959391,21.82741116751269,0.0,3.0
392,162,230,0,41.3265306122449,629.24,1.6052040816326532,-0.29,4.894629629629629,-0.7116956521739131,6.87741960299844,4.844095546459771,-6.799999999999997,8,96.52,-1.25,38,607.9600000000002,limit_retest|1H,2.0733987844787243,1.0051660516605085,36.734693877551024,27.29591836734694,24.744897959183675,0.027988671969150114,0.0
510,180,329,1,35.294117647058826,333.72,0.6543529411764707,-0.27,2.9054444444444445,-0.575258358662614,5.050677492455998,2.763288597696291,-9.5,10,82.8,-1.94,24,300.45,market_like|15M,0.656114490088249,0.5694121497484856,11.372549019607844,8.823529411764707,15.098039215686274,0.0,3.0
75,33,42,0,44.0,163.51000000000005,2.180133333333334,-0.54,6.087878787878789,-0.8902380952380953,6.838483794889251,5.373094410270126,-4.199999999999999,4,50.35,-1.21,6,167.07000000000005,market_like|1H,3.3838888888888805,0.7377179080824046,45.33333333333333,34.66666666666667,26.666666666666668,0.0689013035381767,6.0
2,2,0,0,100.0,5.26,2.63,2.63,2.63,,,,0.0,0,4.26,1.0,0,0.0,unknown|15M,,,,,0.0,0.0,
2,0,2,0,0.0,-2.2,-1.1,-1.1,,-1.1,,0.0,-1.2000000000000002,2,-1.0,-1.2,0,0.0,unknown|1H,2.0543996002606493,,100.0,50.0,50.0,0.4238451545155918,2.0
148,0,148,0,0.0,-127.12,-0.8589189189189189,-0.95,,-0.8589189189189189,,0.0,-126.52000000000004,148,-0.06,-2.33,0,0.0,fate=ambiguous_stop,0.5650501650087537,0.19340909090909209,25.0,16.216216216216218,66.21621621621621,0.13775729273854975,5.0
373,373,0,0,100.0,1183.52,3.172975871313673,1.36,3.172975871313673,,,,0.0,0,82.8,0.01,54,734.81,fate=clean_winner,,,,,0.0,0.0,
164,0,164,0,0.0,-137.19,-0.8365243902439025,-0.95,,-0.8365243902439025,,0.0,-136.21999999999997,164,-0.14,-2.0,0,0.0,fate=hopeless,0.49033191997662257,0.6173857868020316,38.41463414634146,25.609756097560975,12.195121951219512,0.6948963011582708,2.0
319,0,316,3,0.0,-133.48,-0.4184326018808777,-0.39,,-0.42240506329113914,,0.0,-132.76999999999998,153,0.0,-0.92,0,0.0,fate=not_applicable,,,,,0.0,0.0,
95,0,95,0,0.0,-81.95,-0.8626315789473684,-0.95,,-0.8626315789473684,,0.0,-81.03,95,-0.02,-1.82,0,0.0,fate=stop_hunt,2.643333333333329,1.0199097585035388,100.0,65.26315789473685,84.21052631578947,0.09929577982526316,6.0
79,79,0,0,100.0,629.2800000000001,7.965569620253166,2.96,7.965569620253166,,,,0.0,0,96.52,0.04,29,546.27,fate=winner_survived_stop_touch,5.514588176632599,4.775797457646503,96.20253164556962,89.87341772151899,50.63291139240506,0.5,0.0
88,0,88,0,0.0,-76.19,-0.8657954545454545,-0.95,,-0.8657954545454545,,0.0,-75.98,88,-0.06,-2.33,0,0.0,fate=ambiguous_stop|15M,0.4932122667353124,0.25185635882333884,18.181818181818183,11.363636363636363,65.9090909090909,0.11129581566557178,4.0
60,0,60,0,0.0,-50.93000000000001,-0.8488333333333334,-0.95,,-0.8488333333333334,,0.0,-50.33000000000001,60,-0.2,-1.21,0,0.0,fate=ambiguous_stop|1H,0.7096530920060565,0.19340909090909209,35.0,23.333333333333332,66.66666666666666,0.2668086883876234,7.0
240,240,0,0,100.0,777.65,3.2402083333333334,1.34,3.2402083333333334,,,,0.0,0,82.8,0.01,36,488.13,fate=clean_winner|15M,,,,,0.0,0.0,
133,133,0,0,100.0,405.87000000000006,3.0516541353383464,1.44,3.0516541353383464,,,,0.0,0,39.02,0.02,18,246.68,fate=clean_winner|1H,,,,,0.0,0.0,
83,0,83,0,0.0,-64.92999999999999,-0.7822891566265059,-0.78,,-0.7822891566265059,,0.0,-64.69000000000001,83,-0.14,-2.0,0,0.0,fate=hopeless|15M,0.11800515053633762,1.0831605818962586,25.301204819277107,19.27710843373494,14.457831325301203,0.6530428932992758,3.0
81,0,81,0,0.0,-72.26,-0.8920987654320989,-0.95,,-0.8920987654320989,,0.0,-71.29000000000002,81,-0.18,-1.25,0,0.0,fate=hopeless|1H,1.137052341597811,0.5788888888888929,51.85185185185185,32.098765432098766,9.876543209876543,0.7837552742616358,0.0
243,0,240,3,0.0,-102.00999999999999,-0.41979423868312754,-0.39,,-0.4250416666666667,,0.0,-101.3,110,0.0,-0.92,0,0.0,fate=not_applicable|15M,,,,,0.0,0.0,
76,0,76,0,0.0,-31.470000000000002,-0.4140789473684211,-0.4,,-0.4140789473684211,,0.0,-30.73000000000001,76,-0.02,-0.92,0,0.0,fate=not_applicable|1H,,,,,0.0,0.0,
38,0,38,0,0.0,-33.33,-0.8771052631578947,-0.935,,-0.8771052631578947,,0.0,-32.41,38,-0.26,-1.82,0,0.0,fate=stop_hunt|15M,2.8090167794596033,0.8884022163792037,100.0,68.42105263157895,86.8421052631579,0.07480906852800695,4.0
57,0,57,0,0.0,-48.62,-0.8529824561403508,-0.95,,-0.8529824561403508,,0.0,-47.46000000000001,57,-0.02,-1.2,0,0.0,fate=stop_hunt|1H,2.567343749999999,1.2383424810758756,100.0,63.1578947368421,82.45614035087719,0.18333333333334334,7.0
17,17,0,0,100.0,41.32000000000001,2.430588235294118,1.4,2.430588235294118,,,,0.0,0,7.04,0.04,3,17.92,fate=winner_survived_stop_touch|15M,4.96681174209124,4.96681174209124,94.11764705882352,76.47058823529412,100.0,0.07150942425234952,0.0
62,62,0,0,100.0,587.96,9.483225806451614,3.795,9.483225806451614,,,,0.0,0,96.52,0.05,26,528.35,fate=winner_survived_stop_touch|1H,6.006860997648221,4.584783173201765,96.7741935483871,93.54838709677419,37.096774193548384,0.5289989052526582,0.0
78,0,78,0,0.0,-70.47999999999999,-0.9035897435897434,-0.97,,-0.9035897435897434,,0.0,-69.88000000000001,78,-0.2,-2.33,0,0.0,fate=ambiguous_stop|limit_retest,0.5347273171924678,0.17303719008264384,24.358974358974358,16.666666666666664,67.94871794871796,0.16258225207047183,4.0
70,0,70,0,0.0,-56.64000000000001,-0.8091428571428573,-0.925,,-0.8091428571428573,,0.0,-56.42999999999999,70,-0.06,-1.71,0,0.0,fate=ambiguous_stop|market_like,0.5685375236134311,0.4580704839719584,25.71428571428571,15.714285714285714,64.28571428571429,0.1254091517314384,5.0
171,171,0,0,100.0,560.78,3.2794152046783624,1.47,3.2794152046783624,,,,0.0,0,70.0,0.01,28,361.1700000000001,fate=clean_winner|limit_retest,,,,,0.0,0.0,
200,200,0,0,100.0,617.48,3.0874,1.29,3.0874,,,,0.0,0,82.8,0.01,26,373.64,fate=clean_winner|market_like,,,,,0.0,0.0,
2,2,0,0,100.0,5.26,2.63,2.63,2.63,,,,0.0,0,4.26,1.0,0,0.0,fate=clean_winner|unknown,,,,,0.0,0.0,
94,0,94,0,0.0,-83.48,-0.8880851063829788,-0.95,,-0.8880851063829788,,0.0,-82.51000000000002,94,-0.18,-2.0,0,0.0,fate=hopeless|limit_retest,0.7672500948041432,0.9905721716514962,42.5531914893617,24.46808510638298,13.829787234042554,0.723548423614651,1.0
69,0,69,0,0.0,-52.71,-0.7639130434782608,-0.78,,-0.7639130434782608,,0.0,-52.470000000000006,69,-0.14,-1.94,0,0.0,fate=hopeless|market_like,0.3708140012738811,0.39435541019691067,31.88405797101449,26.08695652173913,10.144927536231885,0.694051255713876,4.0
1,0,1,0,0.0,-1.0,-1.0,-1.0,,-1.0,,0.0,0.0,1,-1.0,-1.0,0,0.0,fate=hopeless|unknown,3.0145367758732924,,100.0,100.0,0.0,0.8461705359079992,0.0
126,0,124,2,0.0,-52.510000000000005,-0.4167460317460318,-0.405,,-0.423467741935484,,0.0,-52.14000000000001,76,0.0,-0.92,0,0.0,fate=not_applicable|limit_retest,,,,,0.0,0.0,
193,0,192,1,0.0,-80.97,-0.4195336787564767,-0.38,,-0.42171875,,0.0,-80.26,166,0.0,-0.92,0,0.0,fate=not_applicable|market_like,,,,,0.0,0.0,
54,0,54,0,0.0,-44.42,-0.8225925925925927,-0.935,,-0.8225925925925927,,0.0,-43.500000000000014,54,-0.02,-1.38,0,0.0,fate=stop_hunt|limit_retest,2.435045834347365,1.0346534653465693,100.0,57.407407407407405,81.48148148148148,0.10800160040109485,6.0
40,0,40,0,0.0,-36.33,-0.90825,-0.97,,-0.90825,,0.0,-35.169999999999995,40,-0.26,-1.82,0,0.0,fate=stop_hunt|market_like,3.0143194506152406,0.912960306206251,100.0,77.5,87.5,0.09041350418246374,5.0
1,0,1,0,0.0,-1.2,-1.2,-1.2,,-1.2,,0.0,0.0,1,-1.2,-1.2,0,0.0,fate=stop_hunt|unknown,1.0942624246480062,,100.0,0.0,100.0,0.0015197731231844092,4.0
66,66,0,0,100.0,522.8800000000001,7.922424242424244,3.005,7.922424242424244,,,,0.0,0,96.52,0.04,25,452.39000000000004,fate=winner_survived_stop_touch|limit_retest,5.463217664525933,4.584783173201765,96.96969696969697,90.9090909090909,45.45454545454545,0.5068187986559298,0.0
13,13,0,0,100.0,106.4,8.184615384615386,2.13,8.184615384615386,,,,0.0,0,50.35,0.07,4,93.88,fate=winner_survived_stop_touch|market_like,5.514588176632599,4.96681174209124,92.3076923076923,84.61538461538461,76.92307692307693,0.41507678508450674,0.0
27,0,27,0,0.0,-28.56,-1.0577777777777777,-1.0,,-1.0577777777777777,,0.0,-27.590000000000003,27,-0.28,-2.33,0,0.0,fate=ambiguous_stop|limit_retest|15M,0.3595018949648091,-0.3088148177154558,18.51851851851852,11.11111111111111,62.96296296296296,0.12109003884371705,3.0
51,0,51,0,0.0,-41.92,-0.8219607843137255,-0.95,,-0.8219607843137255,,0.0,-41.32000000000001,51,-0.2,-1.16,0,0.0,fate=ambiguous_stop|limit_retest|1H,0.6053284123776266,0.1818181818181887,27.450980392156865,19.607843137254903,70.58823529411765,0.2289156626506077,6.0
61,0,61,0,0.0,-47.63,-0.7808196721311476,-0.91,,-0.7808196721311476,,0.0,-47.419999999999995,61,-0.06,-1.71,0,0.0,fate=ambiguous_stop|market_like|15M,0.5179339813773396,0.442813455657479,18.0327868852459,11.475409836065573,67.21311475409836,0.10556292502718301,4.5
9,0,9,0,0.0,-9.01,-1.001111111111111,-0.97,,-1.001111111111111,,0.0,-7.93,9,-0.92,-1.21,0,0.0,fate=ambiguous_stop|market_like|1H,1.9492307692307804,0.7377179080824046,77.77777777777779,44.44444444444444,44.44444444444444,0.5007923930269458,8.0
66,66,0,0,100.0,271.23,4.109545454545454,1.575,4.109545454545454,,,,0.0,0,70.0,0.01,14,200.35000000000002,fate=clean_winner|limit_retest|15M,,,,,0.0,0.0,
105,105,0,0,100.0,289.55,2.757619047619048,1.47,2.757619047619048,,,,0.0,0,33.25,0.02,14,160.82,fate=clean_winner|limit_retest|1H,,,,,0.0,0.0,
172,172,0,0,100.0,501.15999999999997,2.9137209302325577,1.32,2.9137209302325577,,,,0.0,0,82.8,0.01,22,287.78000000000003,fate=clean_winner|market_like|15M,,,,,0.0,0.0,
28,28,0,0,100.0,116.32,4.154285714285714,1.23,4.154285714285714,,,,0.0,0,39.02,0.03,4,85.86,fate=clean_winner|market_like|1H,,,,,0.0,0.0,
2,2,0,0,100.0,5.26,2.63,2.63,2.63,,,,0.0,0,4.26,1.0,0,0.0,fate=clean_winner|unknown|15M,,,,,0.0,0.0,
26,0,26,0,0.0,-23.200000000000003,-0.8923076923076925,-0.97,,-0.8923076923076925,,0.0,-22.229999999999997,26,-0.23,-2.0,0,0.0,fate=hopeless|limit_retest|15M,0.02581779691341764,1.589016522860057,23.076923076923077,15.384615384615385,23.076923076923077,0.7152687672006166,3.0
68,0,68,0,0.0,-60.28000000000001,-0.8864705882352942,-0.95,,-0.8864705882352942,,0.0,-59.31000000000002,68,-0.18,-1.25,0,0.0,fate=hopeless|limit_retest|1H,1.0421749747146374,0.6173857868020316,50.0,27.941176470588236,10.294117647058822,0.723548423614651,0.0
57,0,57,0,0.0,-41.73,-0.7321052631578947,-0.73,,-0.7321052631578947,,0.0,-41.49000000000001,57,-0.14,-1.94,0,0.0,fate=hopeless|market_like|15M,0.2513534199589181,0.13810846888508643,26.31578947368421,21.052631578947366,10.526315789473683,0.6323529930964491,4.0
12,0,12,0,0.0,-10.979999999999999,-0.9149999999999999,-0.95,,-0.9149999999999999,,0.0,-10.059999999999999,12,-0.49,-0.97,0,0.0,fate=hopeless|market_like|1H,2.217516080211884,0.5772222222222404,58.333333333333336,50.0,8.333333333333332,1.1145165945165796,3.0
1,0,1,0,0.0,-1.0,-1.0,-1.0,,-1.0,,0.0,0.0,1,-1.0,-1.0,0,0.0,fate=hopeless|unknown|1H,3.0145367758732924,,100.0,100.0,0.0,0.8461705359079992,0.0
55,0,53,2,0.0,-23.11,-0.42018181818181816,-0.41,,-0.43603773584905653,,0.0,-22.669999999999995,28,0.0,-0.92,0,0.0,fate=not_applicable|limit_retest|15M,,,,,0.0,0.0,
71,0,71,0,0.0,-29.400000000000006,-0.4140845070422536,-0.39,,-0.4140845070422536,,0.0,-29.03000000000001,71,-0.02,-0.92,0,0.0,fate=not_applicable|limit_retest|1H,,,,,0.0,0.0,
188,0,187,1,0.0,-78.9,-0.4196808510638298,-0.38,,-0.4219251336898396,,0.0,-78.19000000000001,162,0.0,-0.92,0,0.0,fate=not_applicable|market_like|15M,,,,,0.0,0.0,
5,0,5,0,0.0,-2.0700000000000003,-0.41400000000000003,-0.51,,-0.41400000000000003,,0.0,-1.3300000000000003,5,-0.04,-0.74,0,0.0,fate=not_applicable|market_like|1H,,,,,0.0,0.0,
14,0,14,0,0.0,-12.329999999999998,-0.8807142857142856,-0.935,,-0.8807142857142856,,0.0,-11.409999999999998,14,-0.33,-1.38,0,0.0,fate=stop_hunt|limit_retest|15M,2.1128932533786227,0.9301753638686436,100.0,50.0,78.57142857142857,0.0652602748244937,4.0
40,0,40,0,0.0,-32.089999999999996,-0.8022499999999999,-0.935,,-0.8022499999999999,,0.0,-31.140000000000004,40,-0.02,-1.19,0,0.0,fate=stop_hunt|limit_retest|1H,2.5220510426807,1.18479307025986,100.0,60.0,82.5,0.16691279887482835,7.5
24,0,24,0,0.0,-21.0,-0.875,-0.935,,-0.875,,0.0,-20.609999999999996,24,-0.26,-1.82,0,0.0,fate=stop_hunt|market_like|15M,3.0143194506152406,0.4390573010000416,100.0,79.16666666666666,91.66666666666666,0.07535560027807031,3.0
16,0,16,0,0.0,-15.33,-0.958125,-0.97,,-0.958125,,0.0,-14.17,16,-0.76,-1.16,0,0.0,fate=stop_hunt|market_like|1H,3.3857080348921382,2.024444444444422,100.0,75.0,81.25,0.23624778740714558,7.5
1,0,1,0,0.0,-1.2,-1.2,-1.2,,-1.2,,0.0,0.0,1,-1.2,-1.2,0,0.0,fate=stop_hunt|unknown|1H,1.0942624246480062,,100.0,0.0,100.0,0.0015197731231844092,4.0
9,9,0,0,100.0,19.5,2.1666666666666665,1.4,2.1666666666666665,,,,0.0,0,5.25,0.04,1,5.25,fate=winner_survived_stop_touch|limit_retest|15M,5.087700178606895,5.087700178606895,88.88888888888889,66.66666666666666,100.0,0.030221722223614744,0.0
57,57,0,0,100.0,503.38000000000005,8.83122807017544,3.82,8.83122807017544,,,,0.0,0,96.52,0.05,24,447.14,fate=winner_survived_stop_touch|limit_retest|1H,5.687777777777784,4.405898080107374,98.24561403508771,94.73684210526315,36.84210526315789,0.5304928989139652,0.0
8,8,0,0,100.0,21.82,2.7275,1.92,2.7275,,,,0.0,0,7.04,0.07,2,12.67,fate=winner_survived_stop_touch|market_like|15M,4.6042152886928545,4.6042152886928545,100.0,87.5,100.0,0.36345268586295987,0.0
5,5,0,0,100.0,84.58,16.916,2.13,16.916,,,,0.0,0,50.35,0.2,2,81.21000000000001,fate=winner_survived_stop_touch|market_like|1H,7.773000000000025,6.828519027968815,80.0,80.0,40.0,0.4797979797979737,0.0
